{
    "calibration_time": "2025-05-14_14-41-08",
    "version": "v0",
    "cameras": [
        {
            "name": "left",
            "type": "fisheye",
            "width": 3040,
            "height": 4032,
            "intrinsic": {
                "fl_x": 1190.4990185909498,
                "fl_y": 1190.344769418459,
                "cx": 1545.2154064008814,
                "cy": 1983.9367884159963
            },
            "distortion": {
                "camera_model": "OPENCV_FISHEYE",
                "params": {
                    "k1": -0.011234801674675991,
                    "k2": 0.0017341540312918334,
                    "k3": -0.003972944462135868,
                    "k4": 0.0006499045739833588
                }
            },
            "transform_from_lidar": {
                "rotation": [
                    [
                        0.8442482368532197,
                        -0.445512622688593,
                        0.2979319009360383
                    ],
                    [
                        0.3306901527786498,
                        -0.004449626255284361,
                        -0.9437288931051235
                    ],
                    [
                        0.42176881988295817,
                        0.8952645999096133,
                        0.1435700481410282
                    ]
                ],
                "position": [
                    0.02029970023399664,
                    -0.07005028843210888,
                    -0.034547848522903726
                ]
            }
        },
        {
            "name": "right",
            "type": "fisheye",
            "width": 3040,
            "height": 4032,
            "intrinsic": {
                "fl_x": 1194.768718613003,
                "fl_y": 1194.8852276046334,
                "cx": 1549.7229681677704,
                "cy": 2026.345441202774
            },
            "distortion": {
                "camera_model": "OPENCV_FISHEYE",
                "params": {
                    "k1": -0.010445840343537294,
                    "k2": -0.0016941509960656255,
                    "k3": -0.0013831771880681383,
                    "k4": 4.5532568167260544e-05
                }
            },
            "transform_from_lidar": {
                "rotation": [
                    [
                        -0.8546007299195156,
                        -0.4327761308076526,
                        -0.28698852420295373
                    ],
                    [
                        0.32444646038622216,
                        -0.013485402200089341,
                        -0.9458079288472656
                    ],
                    [
                        0.4054529402580321,
                        -0.9014005572056522,
                        0.15193731834364205
                    ]
                ],
                "position": [
                    -0.02049187465831305,
                    -0.07022921536231021,
                    -0.029187246461668724
                ]
            }
        }
    ],
    "imu": {
        "transform_from_lidar": {
            "rotation": [
                [
                    1,
                    0,
                    0
                ],
                [
                    0,
                    1,
                    0
                ],
                [
                    0,
                    0,
                    1
                ]
            ],
            "position": [
                0.011,
                0.02329,
                -0.04412
            ]
        }
    },
    "rtk": {
        "transform_from_lidar": {
            "position": [
                -0.06134,
                0,
                -0.00523
            ]
        }
    }
}